"Configuration generale","General configuration"
"Etat et prechecks","Status and prechecks"
"Tester l API","Test API"
"Parametres IA","AI settings"
"Relance automatique","Automatic recovery"
"Autoriser les reductions IA","Allow AI discounts"
"Montant minimum du panier","Minimum cart amount"
"Autoriser la relance des clients invites","Allow guest cart recovery"
"Sans reduction jusqu a","No discount up to"
"Reduction de 5% a partir de","5% discount starting from"
"Reduction de 5% jusqu a","5% discount up to"
"Reduction de 10% a partir de","10% discount starting from"
"Reduction maximale IA (%)","Maximum AI discount (%)"
"Cron et execution","Cron and execution"
"Mode d execution du cron","Cron execution mode"
"Intervalle cron (secondes)","Cron interval (seconds)"
"Activer le mode debug cron","Enable cron debug mode"
"Activer le mode debug avance","Enable advanced debug mode"
"IPs autorisees pour le cron","Allowed IPs for cron"
"Reverse proxies de confiance","Trusted reverse proxies"
"Actions, commandes et URL","Actions, commands and URL"
"Retention des evenements (jours)","Event retention (days)"
"Taille de lot de purge","Purge batch size"
"Seuil d echec du circuit breaker","Circuit breaker failure threshold"
"Cooldown du circuit breaker (secondes)","Circuit breaker cooldown (seconds)"
"Sante et monitoring","Health and monitoring"
"Vue de sante","Health overview"
"URL du backend NeuroCheckout utilisee pour le test API, le cron et l envoi des evenements.","NeuroCheckout backend URL used for API testing, cron, and event delivery."
"Cle fournie par NeuroCheckout. Conservez une valeur valide avant de lancer le test API.","Key provided by NeuroCheckout. Keep a valid value before running the API test."
"Identifiant boutique attendu par NeuroCheckout pour cette vue Magento.","Shop identifier expected by NeuroCheckout for this Magento scope."
"Resume des verifications obligatoires avant tout envoi automatique.","Summary of required checks before any automatic sending."
"Etape recommandee apres sauvegarde: ce test valide la connexion et debloque le cron.","Recommended after saving: this test validates the connection and unlocks cron."
"Liens recovery opaques","Opaque recovery links"
"Active les liens storefront single-use avec token `rt`. Si desactive, seuls les nouveaux liens repassent en mode signe legacy; les liens opaques deja emis restent acceptes.","Enables single-use storefront links with an `rt` token. If disabled, only newly generated links fall back to the legacy signed mode; previously issued opaque links remain accepted."
"Toujours active pour garantir les liens de recovery et la logique de panier abandonne.","Always enabled to guarantee recovery links and abandoned-cart logic."
"Demande une confirmation explicite avant d autoriser les remises automatiques.","Requires explicit confirmation before allowing automatic discounts."
"Champ obligatoire. Nombre superieur ou egal a 0.","Required field. Number must be greater than or equal to 0."
"Active la relance des paniers invites dans la limite des garde-fous IA.","Enables guest cart recovery within AI guardrails."
"Seuil de panier sous lequel aucune remise automatique n est proposee.","Cart threshold below which no automatic discount is proposed."
"Montant a partir duquel la premiere tranche de remise peut etre appliquee.","Cart amount from which the first discount tier can apply."
"Plafond de panier pour rester dans la tranche de remise a 5%.","Cart ceiling to remain in the 5% discount tier."
"Montant a partir duquel la tranche haute de remise peut commencer.","Cart amount from which the higher discount tier can start."
"Choisissez entre le cron Magento planifie et le module cron dedie selon votre exploitation.","Choose between scheduled Magento cron and the dedicated cron module based on your operations."
"300 secondes par defaut (5 minutes). Ajustez selon votre charge, pas pour contourner une file bloquee.","300 seconds by default (5 minutes). Adjust for your load, not to bypass a blocked queue."
"Autorise un test manuel securise. A desactiver apres diagnostic.","Allows a safe manual test. Disable it after diagnosis."
"Autorise une execution immediate avec de vraies donnees. Reserve a un diagnostic court.","Allows immediate execution with live data. Reserve it for short diagnostics."
"Laissez vide pour aucune restriction. Recommande si vous exposez l URL signee.","Leave empty for no restriction. Recommended if you expose the signed URL."
"Liste des IPs ou CIDR autorises a fournir `CF_CONNECTING_IP`, `X_REAL_IP` ou `X_FORWARDED_FOR`. Si vide, seul `REMOTE_ADDR` est pris en compte.","List of IPs or CIDR ranges allowed to provide `CF_CONNECTING_IP`, `X_REAL_IP`, or `X_FORWARDED_FOR`. If empty, only `REMOTE_ADDR` is trusted."
"Outils de diagnostic et rappels de securite pour l execution manuelle.","Diagnostic tools and safety reminders for manual execution."
"Duree de conservation des evenements avant purge automatique.","How long events are kept before automatic purge."
"Nombre d enregistrements supprimes par passe de purge.","Number of records deleted per purge pass."
"Nombre d echecs consecutifs avant ouverture du circuit.","Number of consecutive failures before opening the circuit."
"Temps d attente avant une nouvelle tentative apres ouverture du circuit.","Waiting time before a new attempt after the circuit opens."
"Resume de la file, des erreurs et des derniers runs cron pour cette boutique.","Summary of queue, errors, and latest cron runs for this shop."
"Toujours active","Always active"
"Cette securite reste forcee afin de garantir les liens de recovery, le restore du panier et les garde-fous IA.","This safeguard stays enforced to guarantee recovery links, cart restore, and AI guardrails."
"Les parametres IA obligatoires sont complets. Vous pouvez passer au test API.","Required AI settings are complete. You can proceed to the API test."
"Avant de tester l API ou d envoyer des evenements, completez d abord les champs obligatoires dans la section Parametres IA.","Before testing the API or sending events, complete the required fields in the AI settings section first."
"Test API valide. Le cron et le traitement des evenements sont autorises.","API test valid. Cron and event processing are now allowed."
"Action requise: sauvegardez la configuration, puis cliquez sur ""Tester l API"" avec succes pour activer le cron et le traitement des evenements.","Action required: save the configuration, then successfully click ""Test API"" to activate cron and event processing."
"Derniere validation: %1","Last validation: %1"
"Ordre recommande","Recommended order"
"1. Renseignez et sauvegardez la configuration generale puis les garde-fous IA.","1. Fill in and save the general configuration, then the AI guardrails."
"2. Lancez ce test pour verifier la connexion API et debloquer le cron.","2. Run this test to verify the API connection and unlock cron."
"3. N utilisez les outils de debug cron qu apres un test API valide.","3. Only use cron debug tools after a successful API test."
"Retour JSON minimal","Minimal JSON response"
"Le champ ""%1"" est obligatoire.","The field ""%1"" is required."
"Le champ ""%1"" doit etre un nombre superieur ou egal a 0.","The field ""%1"" must be a number greater than or equal to 0."
"Le champ ""%1"" doit etre un nombre entre 0 et 100.","The field ""%1"" must be a number between 0 and 100."
"Test API valide.","API test valid."
"Test API echoue.","API test failed."
"Completez d abord la configuration IA requise.","Complete the required AI configuration first."
"Test API en cours...","API test in progress..."
"Erreur HTTP pendant le test API.","HTTP error during API test."
"Autoriser les remises IA automatiques","Allow automatic AI discounts"
"En activant cette option, NeuroCheckout pourra ajouter des coupons dedies dans les relances de panier abandonne. Les remises resteront limitees par vos seuils configures et par ""Reduction maximale IA (%)"". Activez cette option uniquement si cette automatisation est validee en interne.","By enabling this option, NeuroCheckout may add dedicated coupons to abandoned-cart recoveries. Discounts remain limited by your configured thresholds and by ""Maximum AI discount (%)"". Enable it only if this automation is approved internally."
"Autoriser les remises IA","Allow AI discounts"
"Mode cron invalide","Invalid cron mode"
"Mode cron invalide. Utilisez ""test"" ou ""force"".","Invalid cron mode. Use ""test"" or ""force""."
"Mode debug cron desactive","Cron debug mode disabled"
"Mode debug cron desactive. Activez-le temporairement pour un test manuel securise.","Cron debug mode is disabled. Enable it temporarily for a safe manual test."
"Mode debug avance desactive","Advanced debug mode disabled"
"Mode debug avance desactive. Activez-le temporairement avant toute execution forcee.","Advanced debug mode is disabled. Enable it temporarily before any forced execution."
"Commande cron recommandee","Recommended cron command"
"Utilisez cette commande pour la planification reguliere cote serveur.","Use this command for regular server-side scheduling."
"Expression cron indicative","Suggested cron expression"
"Avec un intervalle de %1 secondes, vous pouvez viser une execution toutes les %2 minute(s).","With an interval of %1 seconds, you can target execution every %2 minute(s)."
"URL cron securisee","Secure cron URL"
"Cette URL est signee avec un horodatage court. Preferez la commande cron pour une planification reguliere.","This URL uses a short-lived signature. Prefer the cron command for regular scheduling."
"Configurez l endpoint API et la cle API pour generer l URL cron securisee.","Configure the API endpoint and key to generate the secure cron URL."
"Backlog:","Backlog:"
"Derniere execution:","Last execution:"
"Mode actif:","Active mode:"
"Aucune restriction","No restriction"
"Actions de debug cron","Cron debug actions"
"Le test manuel est reserve au diagnostic. L execution forcee consomme de vraies donnees et doit rester exceptionnelle.","Manual testing is for diagnosis only. Forced execution uses live data and must remain exceptional."
"Test manuel","Manual test"
"Execution forcee","Forced execution"
"actif","enabled"
"desactive","disabled"
"Les modes debug sont desactives, ce qui est normal en production. Activez-les seulement le temps d un diagnostic court.","Debug modes are disabled, which is normal in production. Enable them only for a short diagnosis."
"Le mode debug avance est actif. Pensez a le desactiver apres verification pour eviter toute execution manuelle intempestive.","Advanced debug mode is active. Disable it after verification to avoid unintended manual execution."
"Activez ""mode debug cron"" pour autoriser un test manuel securise.","Enable ""cron debug mode"" to allow a safe manual test."
"Tester le cron","Test cron"
"Forcer l execution","Force execution"
"Execution en cours...","Execution in progress..."
"Execution terminee avec succes.","Execution completed successfully."
"Execution echouee.","Execution failed."
"Erreur HTTP pendant l execution cron.","HTTP error during cron execution."
"Executer le cron immediatement avec de vraies donnees ? Cette action doit rester exceptionnelle et reservee au diagnostic.","Run cron immediately with live data? This action must stay exceptional and reserved for diagnosis."
"etat sain","healthy"
"degrade","degraded"
"critique","critical"
"inconnu","unknown"
"Mode cron serveur (manuel)","Server cron mode (manual)"
"Mode cron dans le module","Cron mode in module"
"Queue","Queue"
"Taux d erreur","Error rate"
"Latence moyenne","Average latency"
"Circuit breaker","Circuit breaker"
"ouvert","open"
"semi-ouvert","half-open"
"ferme","closed"
"Circuit ouvert depuis %1 secondes.","Circuit open for %1 seconds."
"Derniers runs cron","Latest cron runs"
"Execute a","Executed at"
"Statut","Status"
"Evenements","Events"
"Latence","Latency"
"IP","IP"
"Message","Message"
"succes","success"
"erreur","error"
"Aucun run cron enregistre pour le moment.","No cron run has been recorded yet."
"5 minutes","5 minutes"
"API Endpoint","API endpoint"
"API Key","API key"
"Active","Active"
"Aucun coupon NeuroCheckout recent.","No recent NeuroCheckout coupon."
"Aucun recovery link recent.","No recent recovery link."
"Aucun refus securite recent.","No recent security rejection."
"Audit securite recent","Recent security audit"
"Avant de tester l API ou d envoyer des evenements, completez d abord la configuration generale obligatoire.","Before testing the API or sending events, complete the required general configuration first."
"Bloque jusqu a","Blocked until"
"Ces informations s utilisent seulement lorsque le mode cron serveur manuel est selectionne.","This information is used only when manual server cron mode is selected."
"Completez et sauvegardez d abord la configuration requise.","Complete and save the required configuration first."
"Configuration API incomplete","Incomplete API configuration"
"Configuration IA incomplete","Incomplete AI configuration"
"Configuration IA incomplete. %1","Incomplete AI configuration. %1"
"Configuration cron serveur","Server cron configuration"
"Coupon","Coupon"
"Cree le","Created at"
"Dernier refus","Last rejection"
"Derniers coupons NeuroCheckout","Latest NeuroCheckout coupons"
"Derniers recovery links","Latest recovery links"
"Email","Email"
"Endpoint","Endpoint"
"Essais","Attempts"
"Expire le","Expires at"
"IPs autorisees:","Allowed IPs:"
"Intervalle fixe recommande pour la synchronisation cron du connecteur.","Fixed interval recommended for connector cron synchronization."
"Invalid JSON payload","Invalid JSON payload"
"Jamais execute","Never executed"
"La configuration API obligatoire est complete.","Required API configuration is complete."
"La relance automatique doit rester active.","Automatic recovery must remain enabled."
"Le champ ""%1"" doit etre une URL valide en http ou https.","The field ""%1"" must be a valid http or https URL."
"Le champ ""API Endpoint"" doit etre une URL valide en http ou https.","The field ""API Endpoint"" must be a valid http or https URL."
"Le champ ""API Endpoint"" est obligatoire.","The field ""API Endpoint"" is required."
"Le champ ""API Key"" est obligatoire.","The field ""API Key"" is required."
"Le champ ""Montant minimum du panier"" doit etre un nombre superieur ou egal a 0.","The field ""Minimum cart amount"" must be a number greater than or equal to 0."
"Le champ ""Montant minimum du panier"" est obligatoire.","The field ""Minimum cart amount"" is required."
"Le champ ""Reduction maximale IA (%)"" doit etre un nombre entre 0 et 100.","The field ""Maximum AI discount (%)"" must be a number between 0 and 100."
"Le champ ""Reduction maximale IA (%)"" est obligatoire.","The field ""Maximum AI discount (%)"" is required."
"Le champ ""Shop External ID"" est obligatoire.","The field ""Shop External ID"" is required."
"Le mode debug avance est actif. Desactivez-le d abord pour activer le test cron.","Advanced debug mode is active. Disable it first to enable the cron test."
"Le mode debug cron est actif. Desactivez-le d abord pour activer le mode debug avance.","Cron debug mode is active. Disable it first to enable advanced debug mode."
"Les parametres IA obligatoires sont complets.","Required AI settings are complete."
"Mis a jour le","Updated at"
"Panier","Cart"
"Remise","Discount"
"Shop External ID","Shop external ID"
"Test API bloque: completez et sauvegardez d abord la configuration requise. %1","API test blocked: complete and save the required configuration first. %1"
"Test API echoue: %1","API test failed: %1"
"Test API echoue: configuration API incomplete. %1","API test failed: incomplete API configuration. %1"
"Test API echoue: configuration IA incomplete. %1","API test failed: incomplete AI configuration. %1"
"Un seul mode debug peut etre actif a la fois.","Only one debug mode can be active at a time."
"bloque","blocked"
"expire","expired"
"pret","ready"
"surveille","watch"
"utilise","used"
